Actual Price,Predicted Price,Difference,Absolute Error
24988.32,25872.638647999964,-884.318647999964,884.318647999964
41345.28,35959.741152000104,5385.538847999895,5385.538847999895
63882.72,40114.98086399993,23767.73913600007,23767.73913600007
42357.6,45261.61467839997,-2904.0146783999735,2904.0146783999735
68184.0144,62293.041136799875,5890.973263200125,5890.973263200125
38308.32,37279.11023999999,1029.2097600000125,1029.2097600000125
111355.2,55610.36064000001,55744.83935999998,55744.83935999998
31808.16,34344.97531200002,-2536.815312000017,2536.815312000017
51729.55199999999,54464.50852800019,-2734.956528000199,2734.956528000199
36336.96,37380.89043200005,-1043.930432000052,1043.930432000052
61485.12,51994.6235520001,9490.496447999903,9490.496447999903
67612.31999999999,140170.92254399977,-72558.60254399978,72558.60254399978
46833.12,53409.5349280001,-6576.4149280001,6576.4149280001
78588.0,80431.67744000004,-1843.6774400000431,1843.6774400000431
59620.32,39753.678527999924,19866.641472000076,19866.641472000076
88178.4,70244.77172800004,17933.628271999958,17933.628271999958
104587.57439999998,105325.6101439999,-738.0357439999207,738.0357439999207
108744.48,100325.68016533315,8418.799834666846,8418.799834666846
92121.12,81705.93215314292,10415.18784685708,10415.18784685708
21498.48,22177.377608000064,-678.8976080000648,678.8976080000648
45767.52,62467.5397968,-16700.019796800007,16700.019796800007
28238.4,27844.229654857194,394.1703451428075,394.1703451428075
45074.88,49775.896352000025,-4701.016352000028,4701.016352000028
57542.4,52262.49408000003,5279.905919999968,5279.905919999968
71874.72,97375.74929599994,-25501.029295999935,25501.029295999935
88977.59999999999,87139.59717599976,1838.0028240002284,1838.0028240002284
114731.5536,97202.28299519984,17529.270604800156,17529.270604800156
211788.0,117000.27283200006,94787.72716799994,94787.72716799994
38841.12,79131.34373142854,-40290.22373142854,40290.22373142854
78647.1408,62889.34687542858,15757.793924571415,15757.793924571415
65480.5872,67229.24508800008,-1748.6578880000816,1748.6578880000816
118761.12,97484.17113599984,21276.94886400015,21276.94886400015
43636.32,50199.50333333334,-6563.183333333342,6563.183333333342
42486.0048,42420.227172571445,65.77762742855703,65.77762742855703
76137.12,85714.94414400024,-9577.824144000246,9577.824144000246
43636.32,48052.16580799995,-4415.845807999947,4415.845807999947
89864.1792,114521.59428800028,-24657.415088000285,24657.415088000285
27652.32,34902.68075200001,-7250.360752000008,7250.360752000008
50243.04,57094.10478628576,-6851.064786285759,6851.064786285759
21258.72,24904.6720702857,-3645.952070285697,3645.952070285697
191211.264,175386.32788799985,15824.936112000141,15824.936112000141
144495.36,116359.5678079996,28135.792192000386,28135.792192000386
51202.08,50080.64788800004,1121.4321119999586,1121.4321119999586
130482.72,85626.81724799986,44855.90275200014,44855.90275200014
44808.48,49055.936736000025,-4247.456736000022,4247.456736000022
72673.92,61857.95686399993,10815.963136000071,10815.963136000071
50136.48,70388.33253142858,-20251.852531428573,20251.852531428573
56476.8,59857.6593120001,-3380.859312000095,3380.859312000095
63882.72,61857.95686399993,2024.7631360000742,2024.7631360000742
71874.72,73270.64356799996,-1395.9235679999547,1395.9235679999547
53226.72,79708.75012800001,-26482.030128000013,26482.030128000013
71075.52,62590.75340800016,8484.766591999847,8484.766591999847
20246.4,19542.29725200005,704.1027479999502,704.1027479999502
62231.04,72539.11763360006,-10308.077633600064,10308.077633600064
43636.32,46762.881864000025,-3126.561864000025,3126.561864000025
13266.72,14313.53880000006,-1046.818800000061,1046.818800000061
35112.0528,37223.745723428554,-2111.6929234285562,2111.6929234285562
18594.72,23857.24065599998,-5262.520655999979,5262.520655999979
61218.72,51689.579567999885,9529.140432000117,9529.140432000117
18061.92,20112.73676000001,-2050.8167600000124,2050.8167600000124
44574.048,58556.77483199995,-13982.72683199995,13982.72683199995
71874.72,91621.17155999984,-19746.45155999984,19746.45155999984
51095.52,69060.32506399995,-17964.80506399995,17964.80506399995
19660.32,15779.011860000004,3881.3081399999955,3881.3081399999955
43580.376,49162.5059120001,-5582.129912000106,5582.129912000106
85194.72,61652.671096000035,23542.048903999967,23542.048903999967
210424.032,119704.39622399984,90719.63577600017,90719.63577600017
99153.5472,82963.1795519998,16190.367648000203,16190.367648000203
23176.8,28115.029779428547,-4938.229779428548,4938.229779428548
58607.46719999999,71926.2748231998,-13318.807623199806,13318.807623199806
80452.8,90619.25612914271,-10166.456129142709,10166.456129142709
73473.12,89346.17446400023,-15873.054464000234,15873.054464000234
53274.67199999999,56891.87710000017,-3617.205100000181,3617.205100000181
90522.72,84382.073142857,6140.646857143001,6140.646857143001
49177.44,51037.975824000016,-1860.5358240000132,1860.5358240000132
53226.72,40061.305407999964,13165.414592000037,13165.414592000037
37402.56,33693.947584000016,3708.6124159999817,3708.6124159999817
47898.72,58053.16559085723,-10154.445590857227,10154.445590857227
34578.72,32010.48902400004,2568.2309759999625,2568.2309759999625
65481.12,61781.97188799986,3699.148112000141,3699.148112000141
39373.92,33744.82584000001,5629.094159999986,5629.094159999986
21152.16,27231.945239999946,-6079.7852399999465,6079.7852399999465
71874.72,64747.30936000008,7127.410639999922,7127.410639999922
130482.72,97438.76769600032,33043.952303999686,33043.952303999686
42570.72,56101.04368800002,-13530.323688000019,13530.323688000019
109277.28,119015.18272000022,-9737.902720000217,9737.902720000217
94305.6,68661.7933280001,25643.806671999904,25643.806671999904
85194.72,55277.67647199996,29917.04352800004,29917.04352800004
14332.32,16675.689839999974,-2343.369839999974,2343.369839999974
24828.48,22067.086084000064,2761.3939159999354,2761.3939159999354
39907.2528,41784.469238857135,-1877.2164388571327,1877.2164388571327
122490.72,128256.85564799966,-5766.135647999661,5766.135647999661
14332.32,19569.03330399998,-5236.713303999979,5236.713303999979
37242.72,63999.74224685711,-26757.02224685711,26757.02224685711
41498.1936,44774.05629942863,-3275.8626994286315,3275.8626994286315
63882.72,50564.33793599996,13318.382064000041,13318.382064000041
84129.12,76400.37647999993,7728.743520000062,7728.743520000062
159786.72,104957.71766400007,54829.00233599993,54829.00233599993
39693.6,38192.46145599998,1501.1385440000158,1501.1385440000158
15930.72,26117.699538628574,-10186.979538628575,10186.979538628575
26533.44,26207.465264000042,325.97473599995647,325.97473599995647
74378.87999999999,71429.92707520006,2948.9529247999308,2948.9529247999308
105228.0,104913.12763199984,314.8723680001567,314.8723680001567
46939.68,52136.821951999955,-5197.1419519999545,5197.1419519999545
69210.72,87120.34089599997,-17909.620895999964,17909.620895999964
77202.72,76400.37647999993,802.3435200000677,802.3435200000677
67026.23999999999,57094.10478628576,9932.135213714231,9932.135213714231
20725.92,23427.047279999984,-2701.127279999986,2701.127279999986
105228.0,86384.04503999994,18843.95496000006,18843.95496000006
58021.92,48933.64581599987,9088.274184000125,9088.274184000125
42943.1472,35710.89868800003,7232.248511999969,7232.248511999969
67772.16,60682.04674133337,7090.113258666635,7090.113258666635
53386.56,45342.99579359996,8043.564206400035,8043.564206400035
125154.72,143047.9555200001,-17893.235520000104,17893.235520000104
42943.68,43727.86036800006,-784.1803680000594,784.1803680000594
87325.92,82784.51809599991,4541.401904000086,4541.401904000086
23976.0,19863.80431200002,4112.195687999982,4112.195687999982
95850.72,143987.2375199996,-48136.51751999959,48136.51751999959
67718.88,94810.14206399991,-27091.262063999908,27091.262063999908
128671.2,105705.5328166858,22965.667183314203,22965.667183314203
53226.72,54020.52167040008,-793.8016704000765,793.8016704000765
16463.52,17868.178676000003,-1404.6586760000027,1404.6586760000027
55890.72,58517.45461485726,-2626.7346148572615,2626.7346148572615
47738.88,50207.87164799995,-2468.991647999952,2468.991647999952
10602.72,21869.47041599992,-11266.75041599992,11266.75041599992
58448.16,64984.75599314281,-6536.595993142808,6536.595993142808
93932.64,104246.1964159999,-10313.556415999905,10313.556415999905
58288.32,54659.52824640012,3628.7917535998786,3628.7917535998786
53759.52,46912.294968000126,6847.225031999871,6847.225031999871
61218.72,83150.99292628563,-21932.27292628563,21932.27292628563
58021.92,71221.5592959999,-13199.639295999907,13199.639295999907
31909.392,30181.53048000004,1727.8615199999585,1727.8615199999585
324954.72,238358.67206399943,86596.04793600054,86596.04793600054
60472.8,77532.69141257137,-17059.891412571364,17059.891412571364
28992.312,27127.35038399998,1864.9616160000223,1864.9616160000223
50349.6,54750.11626400003,-4400.516264000034,4400.516264000034
34578.72,49529.68473599993,-14950.964735999929,14950.964735999929
85141.44,86124.01022399982,-982.5702239998209,982.5702239998209
42570.72,39572.93855999996,2997.7814400000425,2997.7814400000425
31861.44,29076.93662399992,2784.503376000077,2784.503376000077
38468.16,44728.835102399826,-6260.675102399822,6260.675102399822
32980.32,40756.53244799996,-7776.212447999962,7776.212447999962
63349.92,71376.50800171426,-8026.588001714263,8026.588001714263
20193.12,16569.05142537147,3624.0685746285308,3624.0685746285308
27652.32,30864.08812799999,-3211.768127999989,3211.768127999989
63563.04,61725.075038628725,1837.9649613712754,1837.9649613712754
63349.92,60767.792176380986,2582.127823619012,2582.127823619012
43956.0,40893.63964799995,3062.360352000047,3062.360352000047
50882.4,44998.107072000035,5884.292927999966,5884.292927999966
21205.44,25492.599216000082,-4287.159216000084,4287.159216000084
103842.1872,98087.78380800015,5754.403391999847,5754.403391999847
31808.16,36536.76710399999,-4728.6071039999915,4728.6071039999915
75071.52,74772.60330691426,298.9166930857464,298.9166930857464
261018.72,148598.80800000014,112419.91199999987,112419.91199999987
38681.28,41112.38660800002,-2431.1066080000237,2431.1066080000237
39693.6,49534.35798400005,-9840.757984000054,9840.757984000054
17316.0,17055.050543999987,260.949456000013,260.949456000013
90309.6,65811.72476800004,24497.875231999962,24497.875231999962
23976.0,22742.404607999935,1233.5953920000647,1233.5953920000647
45501.12,50786.44449599994,-5285.324495999936,5285.324495999936
78534.72,59329.10851885721,19205.61148114279,19205.61148114279
15930.72,18833.815775999996,-2903.0957759999965,2903.0957759999965
68464.8,64414.17793599994,4050.622064000061,4050.622064000061
28238.4,20293.985700000005,7944.414299999997,7944.414299999997
36089.208,38448.73597257144,-2359.5279725714427,2359.5279725714427
20459.52,23062.986815999942,-2603.466815999942,2603.466815999942
37992.3696,34912.42507199998,3079.9445280000145,3079.9445280000145
40705.92,36751.07524799996,3954.844752000041,3954.844752000041
23389.92,32126.06404228569,-8736.14404228569,8736.14404228569
58874.4,56257.810019771336,2616.589980228666,2616.589980228666
78854.4,62111.215055999965,16743.18494400003,16743.18494400003
63882.72,55085.08877839992,8797.63122160008,8797.63122160008
75924.0,94522.02513599994,-18598.02513599994,18598.02513599994
63456.48,80804.05239599991,-17347.57239599991,17347.57239599991
48484.8,37121.43340799984,11363.366592000166,11363.366592000166
26586.72,27834.14907040003,-1247.4290704000305,1247.4290704000305
14119.2,15518.963871999991,-1399.7638719999904,1399.7638719999904
71661.59999999999,71322.65217599973,338.9478240002645,338.9478240002645
26101.872,24474.742832000033,1627.1291679999667,1627.1291679999667
84395.52,88065.05244514295,-3669.532445142948,3669.532445142948
11231.424,14167.53384000004,-2936.109840000039,2936.109840000039
95850.72,85023.8985973333,10826.821402666697,10826.821402666697
42010.7472,46185.88580800002,-4175.138608000023,4175.138608000023
66280.31999999999,81791.78559999977,-15511.465599999778,15511.465599999778
19441.872,18777.22945600002,664.6425439999803,664.6425439999803
124568.64,104673.8524799999,19894.7875200001,19894.7875200001
24455.52,28040.544719999973,-3585.024719999972,3585.024719999972
55904.5728,56398.22916799993,-493.6563679999308,493.6563679999308
32820.48,34194.767744,-1374.2877439999938,1374.2877439999938
53226.72,43328.754687999986,9897.965312000015,9897.965312000015
15824.16,18622.289439999997,-2798.129439999997,2798.129439999997
60885.72,59816.827232571406,1068.892767428595,1068.892767428595
95850.72,59533.15164080006,36317.56835919994,36317.56835919994
119826.72,106080.24911999993,13746.470880000066,13746.470880000066
71874.72,73434.30403999989,-1559.5840399998851,1559.5840399998851
52161.12,46704.10070399984,5457.019296000166,5457.019296000166
52746.6672,54024.60433920001,-1277.937139200003,1277.937139200003
23656.32,24174.741504000056,-518.4215040000563,518.4215040000563
149130.72,105253.96334400002,43876.75665599998,43876.75665599998
41505.12,43157.84192000014,-1652.7219200001346,1652.7219200001346
31381.92,29347.700255999924,2034.2197440000746,2034.2197440000746
141138.72,129715.42563279984,11423.294367200157,11423.294367200157
45128.16,39096.34895999996,6031.811040000044,6031.811040000044
87912.0,88065.05244514295,-153.0524451429519,153.0524451429519
55938.672,63888.422143999946,-7949.750143999947,7949.750143999947
79866.72,76208.07534399987,3658.644656000135,3658.644656000135
95850.72,86331.49142399995,9519.228576000052,9519.228576000052
55677.6,58347.68635199995,-2670.086351999955,2670.086351999955
153705.3408,155082.80403200022,-1377.4632320002129,1377.4632320002129
28185.12,22367.760959999985,5817.359040000014,5817.359040000014
76030.56,59484.02620799982,16546.533792000177,16546.533792000177
57489.12,97375.74929599994,-39886.629295999934,39886.629295999934
20986.992,29226.775968000056,-8239.783968000058,8239.783968000058
18328.32,20502.15113782856,-2173.8311378285616,2173.8311378285616
29250.72,32204.51347199997,-2953.7934719999685,2953.7934719999685
63499.10399999999,74772.60330691426,-11273.499306914266,11273.499306914266
74589.336,91117.2857279998,-16527.949727999803,16527.949727999803
38148.48,43500.127440000026,-5351.6474400000225,5351.6474400000225
74005.92,65557.03554285706,8448.884457142936,8448.884457142936
57489.12,71530.90238399993,-14041.782383999926,14041.782383999926
61751.52,84072.72134400002,-22321.201344000023,22321.201344000023
122010.66719999998,143331.45662400028,-21320.789424000293,21320.789424000293
87912.0,74464.36479999998,13447.635200000019,13447.635200000019
111834.72,99996.61185439993,11838.108145600068,11838.108145600068
53168.112,54930.75941039987,-1762.6474103998698,1762.6474103998698
59886.72,37927.589999999946,21959.130000000056,21959.130000000056
29783.52,34512.99912000005,-4729.479120000051,4729.479120000051
149130.72,142815.0206879999,6315.699312000099,6315.699312000099
17582.399999999998,20105.072432000034,-2522.6724320000358,2522.6724320000358
61751.52,61784.227408000006,-32.70740800000931,32.70740800000931
52640.64,57288.9008639998,-4648.2608639998,4648.2608639998
13266.72,14925.523180800019,-1658.8031808000196,1658.8031808000196
133146.72,118463.18972479977,14683.530275200232,14683.530275200232
122490.72,100662.79614400004,21827.923855999965,21827.923855999965
143802.72,139933.67558399992,3869.044416000077,3869.044416000077
126912.96,137637.45854399988,-10724.49854399987,10724.49854399987
36816.48,35757.012528000014,1059.4674719999894,1059.4674719999894
53807.472,56920.92203657143,-3113.4500365714266,3113.4500365714266
44701.92,46624.6406879999,-1922.7206879998994,1922.7206879998994
55890.72,65600.75875999998,-9710.038759999981,9710.038759999981
34898.4,32302.799087999978,2595.6009120000235,2595.6009120000235
79866.72,77124.44956571414,2742.2704342858633,2742.2704342858633
139593.6,113641.02566399964,25952.57433600037,25952.57433600037
38041.3872,37736.82984000001,304.5573599999843,304.5573599999843
43636.32,53515.40376800019,-9879.083768000193,9879.083768000193
54825.12,116290.7836239999,-61465.6636239999,61465.6636239999
16463.52,18723.757051771452,-2260.2370517714517,2260.2370517714517
37570.392,28705.908912000017,8864.483087999983,8864.483087999983
105654.24,87409.80225599975,18244.437744000257,18244.437744000257
103523.04,99582.5571679999,3940.482832000096,3940.482832000096
33886.08,33928.49916800001,-42.41916800000763,42.41916800000763
23389.92,25144.82467199999,-1754.9046719999933,1754.9046719999933
49656.96,29583.840767999925,20073.119232000074,20073.119232000074
93186.72,83966.93982400022,9219.780175999782,9219.780175999782
39373.92,55789.714211657134,-16415.794211657136,16415.794211657136
